barrio,total_ofertas,avg_precio_m2,ranking_precio
El Salado,8,1329670.3296703296,1
Guayabal,12,930635.343586976,2
Barrio Mesa,48,273151.4960733711,3
Centro,196,112688.2360738743,4
Provenza,8,93382.35294117648,5
LA MILAGROSA,8,70333.33333333334,6
Antioquia Medellín,4,69642.85714285714,7
Villagrande,4,62500.0,8
LAURELES,24,54211.97833043514,9
ENVIGADO,36,51637.89176656528,10
POBLADO,100,51372.50545035345,11
SAN DIEGO,4,49382.71604938272,12
Manila,12,47896.17649995008,13
El Rodeo,4,46296.2962962963,14
Las Palmas,12,45291.45622895623,15
Cervantes,4,44000.0,16
Mesa,4,42500.0,17
PALMITAS,8,41239.316239316235,18
Poblado,124,41225.46456289524,19
SABANETA,24,40961.60161677404,20
VELODROMO,8,40833.60872438863,21
BELEN,60,39712.52333597636,22
Astorga,4,38888.88888888889,23
Bucarest,16,38583.333333333336,24
Santa Monica,14,37924.5283018868,25
Las Casitas,36,37912.267105815496,26
GUAYABAL,8,36988.88888888889,27
CALASANZ,20,36615.1318491744,28
LOS COLORES,12,36439.96382620134,29
Vía San Antonio - La Ceja,4,35000.0,30
La Mota,7,34705.882352941175,31
Medellin,4,34615.38461538462,32
Loma Los Mesa,4,34364.26116838488,33
SAN PABLO,8,34166.66666666667,34
SIMON BOLIVAR,4,34166.666666666664,35
Antioquia Sabaneta,4,33823.529411764706,36
Conquistadores,18,33589.34032328528,37
CONQUISTADORES,20,33540.40495508548,38
El Portal,20,33465.17027863777,39
LA ESTRELLA,8,33416.666666666664,40
CASTELLANA,4,33333.333333333336,41
Ciudad Del Rio,4,33333.333333333336,41
FLORIDA NUEVA,24,32625.560888102318,43
ESTADIO,20,32618.163265306117,44
ITAGUI,16,32469.37751004016,45
BUENOS AIRES,36,32394.004144004146,46
La Frontera,4,31333.333333333332,47
Guanteros,4,31250.0,48
Santa Maria De Los Angeles,24,31000.74185123625,49
Alcala,20,30394.419306184012,50
FLORESTA,16,30381.12745098039,51
SAN JOAQUIN,12,30356.04158407119,52
AMERICA,27,29269.841269841272,53
Sector Pantanillo,4,29166.666666666668,54
SURAMERICANA,4,29166.666666666668,54
La America,8,29017.857142857145,56
Guaimaro,16,28874.269005847953,57
Milla De Oro,12,28492.137164703538,58
NIQUIA,20,28193.07568438003,59
Caribe,4,28125.0,60
BOSTON,52,27892.62934520478,61
La Fe,4,27777.777777777777,62
Gualandayes,4,27777.777777777777,62
Barrio Incomar,4,27500.0,64
Las Lomitas,4,26960.78431372549,65
CENTRO,112,26898.24498284834,66
SAN JAVIER,12,26770.37037037037,67
Ciudadela Coltejer,4,26712.328767123287,68
La Magnolia,40,26652.469386964272,69
Las Vegas,12,26609.599063506,70
Loma Del Esmeraldal,16,26576.209223847018,71
Laureles,34,26552.942124163983,72
BELALCAZAR,9,26530.61224489796,73
FLORENCIA,4,26530.61224489796,73
Florida Nueva,7,26315.78947368421,75
Loma El Atravesado,4,26000.0,76
RIONEGRO,16,25869.279529993815,77
Camino Verde,24,25866.9174638449,78
Loma De Las Brujas,8,25723.025583982202,79
Otra Parte,12,25462.962962962964,80
La Loma Del Indio,8,25448.71794871795,81
Pontevedra,8,25429.82456140351,82
Capricentro,24,25394.736842105263,83
Transversal Intermedia,8,25149.57264957265,84
ZuÑiga,12,25148.59148050465,85
Señorial,4,25000.0,86
SUCRE,4,25000.0,86
Castropol,4,25000.0,86
San Marcos,32,24735.198591374756,89
ROBLEDO,100,24469.952511756215,90
El Chocho,12,24423.4360410831,91
El Retiro,24,24228.73422873423,92
BELLO,44,24123.783397656578,93
Trianon,24,24070.48254932539,94
PRADO,68,23912.34139395904,95
Loma Del Chocho,8,23710.317460317463,96
BOYACA,4,23611.11111111111,97
Las Cometas,4,23571.428571428572,98
Los Balsos,12,23561.376363100502,99
CAMPO VALDES,32,23279.969174660957,100
SALVADOR,8,23194.444444444445,101
Fisebad,4,23148.14814814815,102
La Cuenca,8,23122.171945701357,103
Cumbres,16,23001.82787602021,104
ARANJUEZ,108,22784.021991460435,105
VILLA HERMOSA,36,22708.086938479093,106
Calasanz,14,22606.132075471694,107
Altos Del Escobero,4,22500.0,108
GUARNE,24,22490.959040959042,109
CAICEDO,8,22395.833333333336,110
Itagui,12,22386.70197812309,111
Envigado,4,22368.42105263158,112
Andalucia,28,22223.615844939373,113
CRISTOBAL,4,22142.85714285714,114
SEVILLA,4,22000.0,115
El Tesoro,4,21900.826446280993,116
El Chingui,4,21875.0,117
Aguacatala,4,21666.666666666668,118
MORAVIA,4,21666.666666666668,118
Loma Del Escobero,12,21469.221835075492,120
ENCISO,16,21417.50875107325,121
CABAÑAS,16,21267.85714285714,122
Suramerica,8,21122.685185185186,123
Santa Barbara,4,20967.74193548387,124
Belen,4,20833.333333333332,125
El Carmelo,4,20833.333333333332,125
Barro Blanco,100,20630.997535330433,127
San Antonio,56,20479.924872728476,128
Benedictinos,8,20468.035614021013,129
Loma De Los Parra,4,20408.163265306124,130
Las Brujas,4,20312.5,131
La Doctora,12,20230.414746543778,132
SANTA FE,12,20076.023391812865,133
La Estrella,8,20021.443222077196,134
El Porvenir,52,20010.515320545717,135
Porvenir,92,20005.88433129169,136
CASTILLA,24,19768.261432054536,137
La Paz,16,19553.173388272488,138
Los Colegios,12,19524.487857821194,139
MANRIQUE,32,19434.161324786324,140
PEDREGAL,12,19367.13995943205,141
Sabaneta,8,19050.58043117745,142
San Antonio De Pereira,12,18965.201465201466,143
Las Torres,4,18918.91891891892,144
La Tolva,4,18750.0,145
Tablaza,8,18750.0,145
Ferreria,16,18750.0,145
ANDALUCIA,9,18691.58878504673,148
La Mina,20,18636.363636363636,149
GIRARDOT,4,18333.333333333332,150
San Jose,4,17857.14285714286,151
El Dorado,44,17789.04811110168,152
PLAYON DE LOS COMUNEROS,4,17500.0,153
COPACABANA,12,17475.63352826511,154
Las Orquideas,4,17380.95238095238,155
LAS PALMAS,8,17303.370786516854,156
María Auxiliadora,4,17272.727272727272,157
Primavera,8,17166.666666666668,158
Prado,7,16666.666666666668,159
Oasis,4,16666.666666666668,159
Gualanday,8,16666.666666666668,159
San Rafael,4,16666.666666666668,159
Aves María,4,16428.571428571428,163
Vereda Portento,4,16000.0,164
Floresta,7,15933.333333333332,165
Las Margaritas,8,15873.015873015873,166
Tranvia,8,15740.74074074074,167
SAN ANTONIO DE PRADO,8,15285.714285714286,168
Antioquia Itagui,4,15277.777777777777,169
Restrepo Naranjo,4,15229.885057471265,170
Aliadas Del Sur,4,15133.876600698486,171
Cimarronas,40,14948.136463466653,172
Fontibon,60,14671.608197319027,173
Alto Bonito,16,14371.491117814647,174
DOCE DE OCTUBRE,4,14285.714285714286,175
El Esmeraldal,8,14168.060200668895,176
CAMPO AMOR,4,14166.666666666666,177
Obrero,4,14112.90322580645,178
Los Naranjos,16,13838.141025641025,179
Cristo Rey,4,13750.0,180
La Floresta,4,13125.0,181
Montego,4,12666.666666666666,182
Metropolitano,4,12500.0,183
Central,4,12179.48717948718,184
San Mateo,4,10833.333333333334,185
San Fernando,4,9909.90990990991,186
La Milagrosa,4,9583.333333333334,187
San Isidro,4,9000.0,188
Sierra Morena,4,6806.645131518228,189
Sajonia,8,6104.166666666667,190
La Troja,4,6079.0273556231,191
